use SushiTest1

INSERT Category
( NameRus, NameUkr)
VALUES
('Роллы', 'Роли'),
('Сеты', 'Набори'),
('Прочее', 'Інше'),
('Супы', 'Супи'),
('Соусы', 'Соуси'),
('Напитки', 'Напої')
GO

INSERT OrderStatus
( StatusNameRus, StatusNameUkr)
VALUES
('выполнен', 'виконан'),
('в ожидании', 'в очікувані'),
('не найден ', 'не знайдений'),
('отменен', 'відмінен'),
('создан', 'створений'),
('в выполнении','у виконанні')
GO

INSERT Product
(CategoryId,NameRus,NameUkr,NumberOfOrders,Count,Energy,Balance,Price,Sale)
VALUES
('1','Калифорнийский Унаги', 'Каліфорнійський Унагі','5','6','420','40','63','0'),
('1','Эби Маки', 'Ебі Макі','0','6','300','40','31','0'),
('1','Черный Дракон', 'Чорний Дракон','0','6','340','40','72','0'),
('1','Дейли Ролл', 'Дейли Рол','0','6','440','40','57','1'),
('1','Филадельфия с хияши', 'Філадельфія з хіяші','0','6','280','40','46','0'),
('1','Хауз Ролл', 'Хауз Рол','0','6','420','40','60','0'),
('4','Клер Суп', 'Клер Суп','0','6','368','40','50','0'),
('4','Удон с морепродуктами', 'Удон с морепродуктами','0','1','400','40','24','0'),
('4','Мисо-Широ', 'Місо-Широ','0','1','410','40','33','0'),
('4','Мисо-Широ с угрем', 'Місо-Широ с угрем','8','1','420','40','42','0'),
('4','Мисо-Широ с лососем', 'Місо-Широ с лососем','0','1','430','40','24','1'),
('2','Суши Маки', 'Суші Макі','0','1','930','40','240','0'),
('2','Креветковый квартет', 'Креветковий квартет','0','1','830','40','245','0'),
('2','Коктель сет', 'Коктейль сет','0','1','730','40','233','0'),
('2','Мега', 'Мега','0','1','1230','40','244','0'),
('2','Лососевые фантазии', 'Лососеві фантазії','0','1','1010','40','950','0'),
('6','Лимонад Имбирний', 'Лимонад імбирний','0','1','100','40','23','0'),
('6','Лимонад Маракуйя', 'Лимонад Маракуйя','0','1','120','40','22','1'),
('6','Лимонад класический з мятою', 'Лимонад класичний з мятою','0','1','80','40','19','0'),
('5','Соус «Горчиный»', 'Соус «Гірчичний»','0','1','12','40','7','0'),
('5','Соус «Барбекю»', 'Соус «Барбекю»','0','1','12','40','8','0')
GO

INSERT ProductWeightDetails
(ProductId, Name, Value)
VALUES
('1','граммы','190'),
('2','граммы','220'),
('3','граммы','250'),
('4','граммы','210'),
('5','граммы','180'),
('6','граммы','230'),
('7','граммы','310'),
('8','мл','300'),
('9','мл','400'),
('10','мл','320'),
('11','мл','440'),
('12','граммы','840'),
('13','граммы','740'),
('14','граммы','780'),
('15','граммы','970'),
('16','граммы','1020'),
('17','мл','440'),
('18','мл','470'),
('19','мл','530'),
('20','граммы','30'),
('21','граммы','30')
GO

INSERT AdditionProductsForProduct
(ProductId, ProductAdditionId)
VALUES
(1,21),
(2,21),
(3,21),
(4,21),
(5,21),
(6,21),
(1,20),
(2,20),
(3,20),
(4,20),
(5,20),
(6,20),
(12,21),
(13,21),
(14,21),
(15,21),
(16,21),
(12,20),
(13,20),
(14,20),
(15,20),
(16,20)
GO



